domain,tags,size
Java Developer,java,6651
Java Developer,javascript,5147
Java Developer,jquery,3302
Java Developer,jsp,207
Java Developer,jquery-ui,130
Java Developer,javascript-events,119
Java Developer,jvm,97
Java Developer,junit,97
Java Developer,jar,83
Java Developer,jquery-plugins,68
Java Developer,java-me,65
Java Developer,jquery-selectors,61
Java Developer,jboss,45
Java Developer,javadoc,25
Java Developer,javac,25
Java Developer,javabeans,21
Java Developer,java-ee-5,8
Java Developer,javafx,20
Java Developer,jframe,20
Java Developer,java-ee,174
Java Developer,eclipse,314
Web Development,javascript,5147
Web Development, django,808
Web Development,drupal,144
Web Development,django-models,134
Web Development,d3dx,1
Web Development,ajax,858
Web Development,asp.net,4140
Web Development,jquery,3302
Web Development,asp.net-ajax,97
Web Development,asp.net-mvc,1291
Web Development,php,4433
Web Development,wordpress,91
Web Development,html,2612
Web Development,html5,51
Web Development,silverlight,306
Web Development,silverlight-2.0,38
Web Development,silverlight-3.0,32
Web Development,c#,12254
Web Development,css,1763
Web Development,.net,6128
Web Development,vb.net,1226
Web Development,graphics,197
Web Development,model-view-controller,227
Web Development,spring,218
Web Development,hibernate,204
Web Development,vb6,200
Web Development,xaml,178
Web Development,documentation,217
Web Development,deployment,216
Web Development,r,166
Web Development,cross-browser,139
Web Development,opengl,139
Web Development,google-app-engine,212
Web Development,tomcat,137
Web Development,nhibernate,138
Web Development,xpath,120
Web Development,webforms,127
Backend Developer,linux,1013
Backend Developer,linux-kernel,28
Backend Developer,multithreading,967
Backend Developer,c#,12254
Backend Developer,c++,4870
Backend Developer,c,2364
Backend Developer,java,6651
Backend Developer,python,4958
Backend Developer,python-3.x,77
Backend Developer,windows,1397
Backend Developer,windows-vista,158
Backend Developer,windows-services,107
Backend Developer,windows-installer,105
Backend Developer,data-structures,353
Backend Developer,optimization,611
Backend Developer,osx,529
Backend Developer,objective-c,1476
Backend Developer,algorithm,1126
Backend Developer,project-management,247
Backend Developer,visual-c++,247
Backend Developer,exception-handling,230
Backend Developer,open-source,228
Backend Developer,assembly,227
Backend Developer,api,226
Backend Developer,recursion,195
Backend Developer,functional-programming,186
Backend Developer,documentation,217
Backend Developer,deployment,216
Backend Developer,frameworks,211
Backend Developer,software-engineering,135
Backend Developer,java-ee,174
Backend Developer,zend-framework,138
Backend Developer,entity-framework,138
Backend Developer,filesystems,135
Backend Developer,error-handling,135
Backend Developer,cross-platform,127
Backend Developer,operating-system,124
Database/Data Engineer,sql,3739
Database/Data Engineer,mysql,2302
Database/Data Engineer,sql-server,2140
Database/Data Engineer,tsql,664
Database/Data Engineer,sql-server-2005,600
Database/Data Engineer,linq-to-sql,512
Database/Data Engineer,sqlite,230
Database/Data Engineer,plsql,224
Database/Data Engineer,postgresql,210
Database/Data Engineer,nosql,11
Database/Data Engineer,database,1552
Database/Data Engineer,database-design,581
Database/Data Engineer,database-connection,25
Database/Data Engineer,embedded-database,12
Database/Data Engineer,relational-database,11
Database/Data Engineer,data-binding,213
Database/Data Engineer,data-modeling,82
Database/Data Engineer,subquery,45
Database/Data Engineer,query-optimization,41
Database/Data Engineer,query-string,40
Database/Data Engineer,sqlite,230
Database/Data Engineer,logging,200
Database/Data Engineer,indexing,196
Database/Data Engineer,plsql,224
